file,H2O,CO2,O2,O3,CH4,N2,N2O,CO,H2,H2S,SO2,NH3
0001000.csv,-3.4456182,-3.0016642,-2.0514202,-6.146713,-5.094898,-1.0007416,-6.711851,-7.486832,-4.3836455,-5.977333,-7.9532857,-6.5614104
